{
  "680481711028437020": {
    "characterName": "хей",
    "skills": {
      "strength": 4,
      "shooting": 0,
      "cooking": 0,
      "fishing": 0,
      "hunting": 0,
      "port": 0,
      "construction": 0,
      "mining": 0,
      "taxi": 0,
      "farming": 0,
      "treasure": 0,
      "diver": 0,
      "collector": 0,
      "busdriver": 0,
      "mechanic": 0,
      "firefighter": 0,
      "trucker": 0,
      "courier": 0,
      "postman": 0,
      "contractor": 0
    }
  },
  "1315688293190467604": {
    "characterName": "",
    "skills": {
      "strength": 0,
      "shooting": 0,
      "cooking": 0,
      "fishing": 0,
      "hunting": 0,
      "port": 0,
      "construction": 0,
      "mining": 0,
      "taxi": 0,
      "farming": 0,
      "treasure": 0,
      "diver": 0,
      "collector": 0,
      "busdriver": 0,
      "mechanic": 0,
      "firefighter": 0,
      "trucker": 0,
      "courier": 0,
      "postman": 0,
      "contractor": 0
    }
  }
}